City_ID,City,Country,Date,Lat,Lng,Max Temp,Humidity,Cloudiness,Wind Speed
0,Clyde River,CA,2022-03-02 22:49:54,70.4692,-68.5914,1.63,85,100,25.32
1,Kapaa,US,2022-03-02 22:49:55,22.0752,-159.319,78.78,75,0,9.22
2,Buala,SB,2022-03-02 22:49:55,-8.145,159.5921,82.49,76,95,2.68
3,Hualmay,PE,2022-03-02 22:49:55,-11.0964,-77.6139,72.73,78,96,6.64
4,Khatanga,RU,2022-03-02 22:49:56,71.9667,102.5,-3.28,89,100,6.53
5,Mataura,NZ,2022-03-02 22:49:56,-46.1927,168.8643,67.26,43,86,1.54
6,Albany,US,2022-03-02 22:49:56,42.6001,-73.9662,34.38,65,84,2.24
7,Punta Arenas,CL,2022-03-02 22:49:57,-53.15,-70.9167,50.11,87,100,5.75
8,Petropavlovsk-Kamchatskiy,RU,2022-03-02 22:49:57,53.0452,158.6483,21.79,54,75,11.18
9,Meaford,CA,2022-03-02 22:49:57,44.6001,-80.583,29.61,89,100,12.1
10,Sitka,US,2022-03-02 22:49:58,57.0531,-135.33,42.69,75,100,13.8
11,Hilo,US,2022-03-02 22:46:28,19.7297,-155.09,80.8,79,100,6.91
12,Tairua,NZ,2022-03-02 22:49:58,-37.0167,175.85,68.09,58,95,11.54
13,Ushuaia,AR,2022-03-02 22:49:29,-54.8,-68.3,53.26,50,40,12.66
14,Berga,NO,2022-03-02 22:49:58,60.392,5.328,38.16,97,0,2.3
15,Bluff,NZ,2022-03-02 22:49:59,-46.6,168.3333,57.52,63,95,3.38
16,Rikitea,PF,2022-03-02 22:49:59,-23.1203,-134.9692,79.77,70,20,17.49
17,Busselton,AU,2022-03-02 22:49:59,-33.65,115.3333,58.14,64,52,5.55
18,Yellowknife,CA,2022-03-02 22:48:52,62.456,-114.3525,2.41,60,0,2.3
19,Motomiya,JP,2022-03-02 22:50:00,37.5167,140.4,36.72,73,13,7.87
20,Provideniya,RU,2022-03-02 22:50:00,64.3833,-173.3,23.11,80,40,15.66
21,Nuuk,GL,2022-03-02 22:50:01,64.1835,-51.7216,9.25,93,100,15.1
22,Haimen,CN,2022-03-02 22:50:01,23.1935,116.6142,62.49,83,78,12.53
23,Kandrian,PG,2022-03-02 22:50:02,-6.2167,149.55,78.57,82,100,4.14
24,Burnie,AU,2022-03-02 22:50:03,-41.0667,145.9167,70.92,84,92,14.61
25,Norman Wells,CA,2022-03-02 22:50:03,65.282,-126.8329,8.64,61,75,14.97
26,Saskylakh,RU,2022-03-02 22:50:04,71.9167,114.0833,-31.13,100,72,4.59
27,Bagotville,AU,2022-03-02 22:50:05,-28.9833,153.4167,69.82,81,74,2.3
28,Beloha,MG,2022-03-02 22:50:05,-25.1667,45.05,72.25,95,70,8.08
29,Katsuura,JP,2022-03-02 22:50:05,35.1333,140.3,50.18,80,95,8.61
30,Mount Gambier,AU,2022-03-02 22:50:06,-37.8333,140.7667,71.51,68,20,4.61
31,Vestmannaeyjar,IS,2022-03-02 22:50:06,63.4427,-20.2734,41.92,62,99,20.54
32,Tessalit,ML,2022-03-02 22:50:07,20.1986,1.0114,76.08,21,6,11.45
33,Port Alfred,ZA,2022-03-02 22:50:07,-33.5906,26.891,67.44,83,4,6.98
34,Codrington,AU,2022-03-02 22:50:08,-38.2667,141.9667,74.97,59,4,5.1
35,Puerto Ayora,EC,2022-03-02 22:50:08,-0.7393,-90.3518,87.76,87,84,5.99
36,Adrar,MR,2022-03-02 22:50:09,20.5022,-10.0711,69.8,26,1,12.44
37,Qui Nhon,VN,2022-03-02 22:50:09,13.7667,109.2333,70.2,87,51,6.2
38,Kijang,KR,2022-03-02 22:50:09,35.2442,129.2139,31.73,43,0,6.22
39,Taltal,CL,2022-03-02 22:50:10,-25.4,-70.4833,66.97,79,24,2.06
40,Marabba,SD,2022-03-02 22:50:10,12.35,32.1833,84.2,21,7,9.62
41,Hobart,AU,2022-03-02 22:50:10,-42.8794,147.3294,72.27,74,40,8.05
42,Sanmenxia,CN,2022-03-02 22:50:11,34.7747,111.1814,43.56,31,2,1.77
43,Longyearbyen,SJ,2022-03-02 22:50:09,78.2186,15.6401,13.84,79,100,17.27
44,Tomatlan,MX,2022-03-02 22:46:08,19.9333,-105.25,82.96,46,0,8.66
45,Cherskiy,RU,2022-03-02 22:50:11,68.75,161.3,-14.42,97,84,1.01
46,Camopi,GF,2022-03-02 22:50:12,3.1655,-52.3158,73.0,99,80,2.73
47,Nanortalik,GL,2022-03-02 22:50:12,60.1432,-45.2371,21.34,92,100,23.8
48,Brae,GB,2022-03-02 22:50:13,60.3964,-1.353,42.71,77,13,23.0
49,Comodoro Rivadavia,AR,2022-03-02 22:50:13,-45.8667,-67.5,82.26,26,75,28.77
50,Uruguaiana,BR,2022-03-02 22:50:13,-29.7547,-57.0883,87.73,40,0,8.05
51,Ponta Do Sol,PT,2022-03-02 22:50:13,32.6667,-17.1,65.03,79,19,3.24
52,Beringovskiy,RU,2022-03-02 22:50:14,63.05,179.3167,17.49,93,100,11.39
53,Atambua,ID,2022-03-02 22:50:14,-9.1061,124.8925,76.46,82,18,1.19
54,Kulu,TR,2022-03-02 22:50:15,39.0951,33.0799,37.4,98,100,11.5
55,Novomikhaylovskiy,RU,2022-03-02 22:50:15,44.2581,38.8578,45.63,94,100,4.76
56,Pevek,RU,2022-03-02 22:50:16,69.7008,170.3133,-16.04,100,97,3.94
57,Kyren,RU,2022-03-02 22:50:16,51.6828,102.1408,13.89,91,92,4.61
58,Chengde,CN,2022-03-02 22:50:16,40.9725,117.9361,27.86,57,4,1.68
59,Kruisfontein,ZA,2022-03-02 22:50:17,-34.0033,24.7314,62.89,74,0,4.74
60,Maneadero,MX,2022-03-02 22:50:17,31.7167,-116.5667,68.11,69,100,1.01
61,Port Moresby,PG,2022-03-02 22:50:18,-9.4431,147.1797,72.82,94,40,6.91
62,Kodiak,US,2022-03-02 22:50:18,57.79,-152.4072,36.91,87,100,26.46
63,Gat,IL,2022-03-02 22:50:18,31.61,34.7642,64.78,37,100,17.09
64,Santiago,CL,2022-03-02 22:47:29,-33.4569,-70.6483,89.04,29,0,16.11
65,Sosnovo-Ozerskoye,RU,2022-03-02 22:50:19,52.5249,111.5418,8.46,96,100,7.38
66,Vaini,TO,2022-03-02 22:50:19,-21.2,-175.2,77.16,94,75,0.0
67,Cape Town,ZA,2022-03-02 22:48:56,-33.9258,18.4232,68.41,88,20,4.61
68,Mansoa,GW,2022-03-02 22:50:20,12.0733,-15.3189,75.4,34,81,7.4
69,Karratha,AU,2022-03-02 22:50:20,-20.7377,116.8463,86.7,67,43,7.23
70,Praia,CV,2022-03-02 22:50:21,14.9215,-23.5087,70.34,78,40,23.02
71,Nanakuli,US,2022-03-02 22:50:21,21.3906,-158.1547,82.35,59,20,11.5
72,Hithadhoo,MV,2022-03-02 22:50:21,-0.6,73.0833,83.25,73,49,11.27
73,Aguimes,ES,2022-03-02 22:50:21,27.9054,-15.4461,61.43,68,75,16.11
74,Luderitz,NA,2022-03-02 22:50:22,-26.6481,15.1594,65.25,87,0,7.83
75,Verkhnevilyuysk,RU,2022-03-02 22:50:22,63.4453,120.3167,-16.78,100,100,3.51
76,Geraldton,AU,2022-03-02 22:50:22,-28.7667,114.6,54.01,76,0,11.5
77,Williston,US,2022-03-02 22:50:01,48.147,-103.618,27.01,83,100,1.99
78,Tingo Maria,PE,2022-03-02 22:50:23,-9.2895,-76.0088,73.65,87,84,1.16
79,Samarai,PG,2022-03-02 22:50:23,-10.6167,150.6667,81.61,80,94,7.78
80,Praya,CV,2022-03-02 22:45:37,14.9215,-23.5087,70.34,78,40,23.02
81,East London,ZA,2022-03-02 22:48:19,-33.0153,27.9116,72.23,77,93,9.44
82,Bredasdorp,ZA,2022-03-02 22:50:24,-34.5322,20.0403,69.12,68,22,3.44
83,Bengkulu,ID,2022-03-02 22:50:24,-3.8004,102.2655,74.98,88,70,3.49
84,Jamestown,US,2022-03-02 22:47:51,42.097,-79.2353,40.64,43,75,8.05
85,Saldanha,ZA,2022-03-02 22:50:24,-33.0117,17.9442,66.25,92,2,3.89
86,Osypenko,UA,2022-03-02 22:50:25,46.9136,36.8253,42.84,90,100,10.29
87,Ojinaga,MX,2022-03-02 22:50:25,29.5667,-104.4167,79.75,19,0,6.91
88,Cidreira,BR,2022-03-02 22:50:25,-30.1811,-50.2056,75.6,91,8,10.83
89,Sur,OM,2022-03-02 22:50:26,22.5667,59.5289,73.33,64,0,6.76
90,Bayan,CN,2022-03-02 22:50:26,46.0833,127.4,-4.07,99,12,2.42
91,Vila Franca Do Campo,PT,2022-03-02 22:50:26,37.7167,-25.4333,58.19,71,84,8.1
92,Natal,BR,2022-03-02 22:49:46,-5.795,-35.2094,82.62,83,20,6.91
93,Polson,US,2022-03-02 22:50:27,47.6936,-114.1632,44.6,35,100,1.86
94,San Jeronimo,PE,2022-03-02 22:50:27,-11.9472,-75.2829,54.64,76,90,2.28
95,Thinadhoo,MV,2022-03-02 22:50:27,0.5333,72.9333,83.1,67,100,12.35
96,Sao Filipe,CV,2022-03-02 22:50:28,14.8961,-24.4956,73.18,69,0,13.4
97,Birao,CF,2022-03-02 22:50:28,10.2849,22.7882,79.97,18,59,6.49
98,Saint-Philippe,RE,2022-03-02 22:50:28,-21.3585,55.7679,76.59,87,26,8.39
99,Tura,IN,2022-03-02 22:50:29,25.5198,90.2201,61.65,38,0,2.86
100,Faanui,PF,2022-03-02 22:50:29,-16.4833,-151.75,82.06,72,28,16.44
101,Olinda,BR,2022-03-02 22:50:29,-8.0089,-34.8553,83.93,74,40,8.05
102,Muyezerskiy,RU,2022-03-02 22:50:30,63.9333,31.65,29.07,95,97,7.87
103,Ostrovnoy,RU,2022-03-02 22:50:30,68.0531,39.5131,26.91,94,100,4.32
104,Lasa,IT,2022-03-02 22:50:30,46.6166,10.7002,40.08,78,98,4.36
105,Novyy Urengoy,RU,2022-03-02 22:50:31,66.0833,76.6333,-1.19,96,100,4.81
106,Padang,ID,2022-03-02 22:50:31,-0.9492,100.3543,75.25,85,86,4.47
107,Smithers,CA,2022-03-02 22:46:54,54.7804,-127.1743,43.12,70,75,2.3
108,Sioux Lookout,CA,2022-03-02 22:48:44,50.1001,-91.917,12.58,47,0,9.22
109,Kita,ML,2022-03-02 22:50:31,13.0349,-9.4895,84.99,22,2,4.85
110,Goundam,ML,2022-03-02 22:50:32,16.4145,-3.6708,79.83,13,8,11.27
111,Esperance,AU,2022-03-02 22:50:32,-33.8667,121.9,60.64,60,75,17.54
112,Severo-Kurilsk,RU,2022-03-02 22:50:32,50.6789,156.125,24.58,78,98,28.41
113,Bouna,CI,2022-03-02 22:50:33,9.2667,-3.0,82.45,55,100,4.07
114,Kulhudhuffushi,MV,2022-03-02 22:50:33,6.6221,73.07,83.03,55,96,6.91
115,Port Macquarie,AU,2022-03-02 22:50:11,-31.4333,152.9167,78.89,70,75,10.56
116,Barrow,US,2022-03-02 22:50:33,71.2906,-156.7887,3.22,85,40,13.8
117,Moron,AR,2022-03-02 22:50:34,-34.6534,-58.6198,82.15,50,20,5.21
118,Auki,SB,2022-03-02 22:50:34,-8.7676,160.7034,81.61,78,94,0.38
119,Avarua,CK,2022-03-02 22:50:34,-21.2078,-159.775,84.25,79,75,11.5
120,Beatrice,US,2022-03-02 22:50:35,40.2681,-96.747,80.24,18,0,3.44
121,Fort Nelson,CA,2022-03-02 22:50:35,58.8053,-122.7002,9.99,72,100,2.3
122,Hermanus,ZA,2022-03-02 22:50:36,-34.4187,19.2345,67.89,87,1,12.57
123,Cap Malheureux,MU,2022-03-02 22:50:36,-19.9842,57.6142,79.29,90,31,1.99
124,Kuopio,FI,2022-03-02 22:50:36,62.8924,27.677,33.75,86,75,8.05
125,Butaritari,KI,2022-03-02 22:50:36,3.0707,172.7902,80.71,82,100,13.35
126,North Bend,US,2022-03-02 22:50:37,43.4065,-124.2243,52.92,96,100,11.5
127,Mudgee,AU,2022-03-02 22:50:37,-32.5943,149.5871,70.79,78,79,8.05
128,Mago,RU,2022-03-02 22:50:38,53.2514,140.1822,-9.63,100,97,0.94
129,Quelimane,MZ,2022-03-02 22:50:38,-17.8786,36.8883,80.55,74,20,0.0
130,Upernavik,GL,2022-03-02 22:50:38,72.7868,-56.1549,-7.8,87,67,6.38
131,Chokurdakh,RU,2022-03-02 22:50:38,70.6333,147.9167,-27.18,100,64,1.34
132,Birjand,IR,2022-03-02 22:50:39,32.8663,59.2211,48.67,37,40,4.61
133,Ust-Tsilma,RU,2022-03-02 22:50:39,65.441,52.1498,31.17,84,100,13.11
134,Yerofey Pavlovich,RU,2022-03-02 22:50:39,53.9667,121.9667,-3.69,96,97,1.54
135,Constitucion,CL,2022-03-02 22:48:08,-35.3333,-72.4167,64.4,83,26,12.95
136,Ribeira Grande,PT,2022-03-02 22:50:40,38.5167,-28.7,58.48,59,79,10.63
137,Jos,NG,2022-03-02 22:50:40,9.9167,8.9,72.46,12,87,3.06
138,Dhidhdhoo,MV,2022-03-02 22:50:40,6.8833,73.1,82.98,57,100,6.51
139,Limon,CR,2022-03-02 22:50:41,10.0,-83.0333,82.29,74,100,12.66
140,Ilulissat,GL,2022-03-02 22:50:41,69.2167,-51.1,31.08,49,100,23.49
141,Nisia Floresta,BR,2022-03-02 22:50:41,-6.0911,-35.2086,82.78,80,100,6.49
142,Tuatapere,NZ,2022-03-02 22:50:42,-46.1333,167.6833,66.67,47,80,1.79
143,Tocopilla,CL,2022-03-02 22:50:42,-22.092,-70.1979,70.63,72,29,1.52
144,Tasiilaq,GL,2022-03-02 22:50:42,65.6145,-37.6368,27.01,74,100,28.21
145,Lata,PT,2022-03-02 22:50:43,40.1629,-8.3327,55.81,89,90,1.36
146,Aklavik,CA,2022-03-02 22:50:43,68.2191,-135.0107,5.83,60,0,12.66
147,Touros,BR,2022-03-02 22:50:43,-5.1989,-35.4608,81.5,76,81,10.04
148,Gorontalo,ID,2022-03-02 22:50:44,0.5412,123.0595,76.5,93,93,3.0
149,Aitape,PG,2022-03-02 22:50:44,-3.1374,142.3475,81.3,76,95,1.99
150,Guerrero Negro,MX,2022-03-02 22:50:44,27.9769,-114.0611,70.81,40,99,12.3
151,Sinnamary,GF,2022-03-02 22:50:45,5.3833,-52.95,76.71,91,91,9.28
152,Rio Grande,BR,2022-03-02 22:50:15,-32.035,-52.0986,75.94,84,0,8.57
153,Kindu,CD,2022-03-02 22:50:45,-2.95,25.95,68.86,98,100,1.99
154,Caravelas,BR,2022-03-02 22:50:45,-17.7125,-39.2481,77.45,82,100,6.24
155,Anloga,GH,2022-03-02 22:50:46,5.7947,0.8973,84.42,83,74,14.27
156,Point Pedro,LK,2022-03-02 22:50:46,9.8167,80.2333,81.21,67,97,16.44
157,Isangel,VU,2022-03-02 22:50:46,-19.55,169.2667,84.31,89,40,6.91
158,Manado,ID,2022-03-02 22:50:47,1.487,124.8455,74.17,100,20,1.14
159,Wuda,CN,2022-03-02 22:50:47,39.4994,106.7117,33.98,30,2,16.31
160,Arraial Do Cabo,BR,2022-03-02 22:50:47,-22.9661,-42.0278,78.76,78,0,12.66
161,Atuona,PF,2022-03-02 22:50:48,-9.8,-139.0333,78.85,78,21,18.7
162,Moussoro,TD,2022-03-02 22:50:48,13.6408,16.4901,78.26,5,100,11.32
163,Mar Del Plata,AR,2022-03-02 22:50:48,-38.0023,-57.5575,64.42,67,0,8.99
164,Russell,US,2022-03-02 22:50:49,32.3502,-85.1999,78.08,20,0,3.44
165,Merauke,ID,2022-03-02 22:50:49,-8.4667,140.3333,82.04,78,60,7.25
166,Caucaia,BR,2022-03-02 22:50:49,-3.7361,-38.6531,82.35,75,20,6.91
167,Nikolskoye,RU,2022-03-02 22:50:50,59.7035,30.7861,31.89,93,97,3.96
168,Torbay,CA,2022-03-02 22:50:50,47.6666,-52.7314,30.58,84,75,16.11
169,Linxia,CN,2022-03-02 22:50:50,35.6003,103.2064,32.0,52,100,0.38
170,Olafsvik,IS,2022-03-02 22:50:51,64.8945,-23.7142,38.79,75,93,24.27
171,Tiksi,RU,2022-03-02 22:50:51,71.6872,128.8694,-24.5,100,76,1.32
172,Okato,NZ,2022-03-02 22:50:52,-39.2,173.8833,67.91,58,64,4.68
173,Chara,RU,2022-03-02 22:50:52,56.9064,118.2631,-4.72,76,92,2.91
174,Qaanaaq,GL,2022-03-02 22:50:52,77.484,-69.3632,6.26,53,7,8.05
175,Fenoarivo,MG,2022-03-02 22:50:53,-18.933,47.4354,66.27,100,75,5.75
176,Kaeo,NZ,2022-03-02 22:50:53,-35.1,173.7833,71.33,73,99,18.61
177,Sao Domingos,BR,2022-03-02 22:50:53,-13.3983,-46.3183,72.09,76,96,2.64
178,Wewak,PG,2022-03-02 22:50:53,-3.5534,143.6268,80.65,79,99,2.55
179,Hovd,MN,2022-03-02 22:50:54,48.0056,91.6419,7.36,66,64,8.08
180,Lompoc,US,2022-03-02 22:50:54,34.6391,-120.4579,82.69,35,0,12.66
181,Mangrol,IN,2022-03-02 22:50:54,21.1167,70.1167,72.73,51,0,11.79
182,Dikson,RU,2022-03-02 22:50:55,73.5069,80.5464,-24.72,98,100,8.12
183,Waipawa,NZ,2022-03-02 22:50:55,-41.4122,175.5153,60.3,59,17,4.92
184,Hobyo,SO,2022-03-02 22:50:55,5.3505,48.5268,78.28,74,51,18.28
185,Vanavara,RU,2022-03-02 22:50:56,60.34,102.2797,12.43,90,100,11.95
186,Lhokseumawe,ID,2022-03-02 22:50:56,5.1801,97.1507,76.78,83,63,2.73
187,Nelson Bay,AU,2022-03-02 22:50:56,-32.7167,152.15,73.0,96,99,3.0
188,Itupiranga,BR,2022-03-02 22:50:57,-5.1347,-49.3267,74.34,96,100,3.36
189,Carnarvon,AU,2022-03-02 22:49:58,-24.8667,113.6333,66.27,55,0,23.02
190,Leningradskiy,RU,2022-03-02 22:50:57,69.3833,178.4167,1.45,96,98,5.59
191,San Jose,US,2022-03-02 22:49:32,37.3394,-121.895,77.36,39,75,10.36
192,Yinchuan,CN,2022-03-02 22:50:58,38.4681,106.2731,34.9,36,32,8.5
193,Armidale,AU,2022-03-02 22:50:58,-30.5167,151.65,65.8,74,36,3.85
194,Sechura,PE,2022-03-02 22:50:58,-5.5569,-80.8222,76.98,64,74,12.44
195,Lorengau,PG,2022-03-02 22:50:59,-2.0226,147.2712,82.44,73,100,1.07
196,Saint Anthony,US,2022-03-02 22:50:59,45.0205,-93.218,33.15,57,75,11.5
197,Vitim,RU,2022-03-02 22:50:59,59.4511,112.5578,15.46,95,100,7.07
198,Khasan,RU,2022-03-02 22:51:00,42.4308,130.6434,28.96,38,0,17.36
199,Smolyaninovo,RU,2022-03-02 22:51:00,43.2956,132.4675,24.26,64,68,10.42
200,Pangkalanbuun,ID,2022-03-02 22:51:00,-2.6833,111.6167,74.39,97,99,2.15
201,Paamiut,GL,2022-03-02 22:51:01,61.994,-49.6678,15.58,92,100,11.12
202,Cabo San Lucas,MX,2022-03-02 22:47:10,22.8909,-109.9124,85.51,48,41,8.57
203,Nador,MA,2022-03-02 22:51:01,35.174,-2.9287,53.85,82,0,0.0
204,Tonantins,BR,2022-03-02 22:51:02,-2.8731,-67.8022,75.74,91,96,1.61
205,New Norfolk,AU,2022-03-02 22:51:02,-42.7826,147.0587,71.92,71,36,1.99
206,Vuktyl,RU,2022-03-02 22:51:02,63.8567,57.3094,27.27,91,94,11.81
207,Moose Factory,CA,2022-03-02 22:51:03,51.2585,-80.6094,-2.2,50,0,8.05
208,Torit,SS,2022-03-02 22:51:03,4.4133,32.5678,83.23,31,7,3.62
209,Turkan,AZ,2022-03-02 22:51:03,40.3639,50.215,44.78,100,75,9.22
210,Saint-Joseph,RE,2022-03-02 22:50:51,-21.3667,55.6167,75.58,85,19,8.25
211,Kedrovyy,RU,2022-03-02 22:51:04,56.1667,91.8167,10.87,93,100,11.74
212,Laguna,US,2022-03-02 22:51:04,38.421,-121.4238,77.22,38,0,6.91
213,Itamarandiba,BR,2022-03-02 22:51:05,-17.8572,-42.8589,64.65,92,91,3.91
214,San Rafael,AR,2022-03-02 22:51:05,-34.6177,-68.3301,79.81,33,1,11.5
215,Krasnoselkup,RU,2022-03-02 22:51:06,65.7,82.4667,-17.07,100,100,6.44
216,Rafsanjan,IR,2022-03-02 22:51:06,30.4067,55.9939,57.43,24,35,3.67
217,Muros,ES,2022-03-02 22:51:06,42.7762,-9.0603,55.24,92,100,18.75
218,Pascagoula,US,2022-03-02 22:49:35,30.3658,-88.5561,73.42,30,0,8.05
219,Dunedin,NZ,2022-03-02 22:47:43,-45.8742,170.5036,61.7,57,84,2.71
220,Sao Jose Da Coroa Grande,BR,2022-03-02 22:51:07,-8.8978,-35.1478,80.47,80,87,7.45
221,Hasaki,JP,2022-03-02 22:51:07,35.7333,140.8333,41.4,79,100,10.47
222,Barra Do Garcas,BR,2022-03-02 22:51:07,-15.89,-52.2567,74.91,89,100,3.18
223,Shakawe,BW,2022-03-02 22:51:08,-18.3667,21.85,66.02,94,99,2.84
224,Gamba,GA,2022-03-02 22:51:08,-2.65,10.0,79.3,89,91,4.43
225,Port Hueneme,US,2022-03-02 22:51:08,34.1478,-119.1951,88.77,29,0,9.22
226,The Valley,AI,2022-03-02 22:51:09,18.217,-63.0578,80.46,78,20,12.66
227,Hervey Bay,AU,2022-03-02 22:51:09,-25.2986,152.8535,86.11,88,35,14.72
228,Tucupita,VE,2022-03-02 22:51:09,9.0622,-62.051,75.51,92,58,4.79
229,Ikwiriri,TZ,2022-03-02 22:51:10,-7.9562,38.9716,74.71,89,97,3.02
230,Deer Lake,CA,2022-03-02 22:51:10,49.1667,-57.4316,28.26,93,100,4.61
231,Port-Gentil,GA,2022-03-02 22:51:10,-0.7193,8.7815,82.26,80,99,7.54
232,Valinhos,BR,2022-03-02 22:46:49,-22.9706,-46.9958,80.37,61,20,10.36
233,Lakatoro,VU,2022-03-02 22:51:11,-16.0999,167.4164,82.42,76,100,6.78
234,Ayame,CI,2022-03-02 22:51:11,5.6083,-3.1563,74.89,90,90,3.09
235,Alihe,CN,2022-03-02 22:51:12,50.5667,123.7167,-2.34,97,15,2.28
236,Cayenne,GF,2022-03-02 22:51:12,4.9333,-52.3333,79.09,90,75,4.61
237,Lagoa,PT,2022-03-02 22:47:15,39.05,-27.9833,57.42,57,87,11.92
238,Castro,BR,2022-03-02 22:49:17,-24.7911,-50.0119,66.11,94,99,4.18
239,Asau,RO,2022-03-02 22:51:13,46.4333,26.4,31.95,88,95,4.34
240,Roebourne,AU,2022-03-02 22:51:13,-20.7833,117.1333,86.49,69,81,9.62
241,Saskatoon,CA,2022-03-02 22:47:18,52.1168,-106.6345,10.17,63,75,8.05
242,Bindi,SL,2022-03-02 22:51:13,9.9167,-11.45,81.05,53,65,4.85
243,Labrea,BR,2022-03-02 22:51:14,-7.2586,-64.7981,76.1,87,62,2.37
244,Georgetown,MY,2022-03-02 22:50:05,5.4112,100.3354,76.95,99,40,0.0
245,Hermosillo,MX,2022-03-02 22:47:42,29.0667,-110.9667,92.25,10,66,7.0
246,Awbari,LY,2022-03-02 22:51:14,26.5921,12.7805,55.81,29,97,11.99
247,Moerai,PF,2022-03-02 22:51:14,-22.4333,-151.3333,81.61,69,10,10.04
248,Prabumulih,ID,2022-03-02 22:51:15,-3.45,104.25,72.73,98,85,2.57
249,Pisco,PE,2022-03-02 22:51:15,-13.7,-76.2167,78.85,61,0,8.05
250,Gao,ML,2022-03-02 22:51:15,16.6362,1.637,83.93,13,46,10.36
251,Manggar,ID,2022-03-02 22:51:16,-2.8833,108.2667,78.69,87,70,7.31
252,Airai,TL,2022-03-02 22:51:16,-8.9266,125.4092,65.26,81,15,1.68
253,Porbandar,IN,2022-03-02 22:51:16,21.6422,69.6093,72.81,63,0,14.09
254,Uglegorsk,RU,2022-03-02 22:51:17,49.0833,142.0333,9.43,78,92,2.77
255,Keti Bandar,PK,2022-03-02 22:51:17,24.1447,67.4497,72.05,52,0,8.34
256,Fecamp,FR,2022-03-02 22:51:17,49.7579,0.3746,51.51,87,100,9.04
257,Prince Rupert,CA,2022-03-02 22:51:18,54.3161,-130.3201,44.69,87,75,9.22
258,Ta Khmau,KH,2022-03-02 22:51:18,11.4833,104.95,80.65,83,40,2.3
259,Arkansas City,US,2022-03-02 22:51:18,37.062,-97.0384,81.45,20,1,10.83
260,Umea,SE,2022-03-02 22:51:19,63.8284,20.2597,37.33,70,0,14.97
261,Klaksvik,FO,2022-03-02 22:51:19,62.2266,-6.589,41.92,85,95,35.5
262,San Cristobal,VE,2022-03-02 22:51:19,7.7669,-72.225,77.18,73,82,1.45
263,Harper,LR,2022-03-02 22:51:20,4.375,-7.7169,80.2,84,80,7.87
264,Kautokeino,NO,2022-03-02 22:51:20,69.0125,23.0412,24.93,77,9,25.57
265,Kichha,IN,2022-03-02 22:51:20,28.9167,79.5,55.89,46,16,3.42
266,Mbandaka,CD,2022-03-02 22:51:21,0.0487,18.2603,73.96,83,100,4.0
267,Znamenskoye,RU,2022-03-02 22:51:21,57.1281,73.8282,16.92,92,71,10.74
268,Ocampo,MX,2022-03-02 22:51:21,21.65,-101.5,76.28,14,3,10.45
269,Port Elizabeth,ZA,2022-03-02 22:51:22,-33.918,25.5701,65.1,82,0,6.91
270,Mount Isa,AU,2022-03-02 22:50:12,-20.7333,139.5,82.17,26,8,0.0
271,Coahuayana,MX,2022-03-02 22:51:22,18.7333,-103.6833,84.09,47,0,6.87
272,George Town,MY,2022-03-02 22:47:11,5.4112,100.3354,76.95,99,40,0.0
273,Zyryanka,RU,2022-03-02 22:51:23,65.75,150.85,-8.25,95,100,8.37
274,Tuktoyaktuk,CA,2022-03-02 22:51:23,69.4541,-133.0374,-0.4,65,20,18.41
275,Mabaruma,GY,2022-03-02 22:51:23,8.2,-59.7833,75.94,88,62,4.54
276,Gamboma,CG,2022-03-02 22:51:24,-1.8764,15.8644,73.67,83,100,1.54
277,Vietri Sul Mare,IT,2022-03-02 22:51:24,40.6687,14.7253,48.51,82,10,1.01
278,Thompson,CA,2022-03-02 22:51:24,55.7435,-97.8558,6.96,40,75,16.11
279,Brokopondo,SR,2022-03-02 22:51:25,4.75,-55.1667,76.78,88,99,7.49
280,Visby,SE,2022-03-02 22:51:25,57.6409,18.296,30.42,93,0,3.44
281,Manaure,CO,2022-03-02 22:51:26,11.7751,-72.4445,80.71,66,96,20.49
282,Kavieng,PG,2022-03-02 22:51:26,-2.5744,150.7967,81.28,78,100,6.62
283,Luanda,AO,2022-03-02 22:51:26,-8.8368,13.2343,79.83,84,52,7.54
284,Kavaratti,IN,2022-03-02 22:51:27,10.5669,72.642,82.27,63,85,8.21
285,Mayumba,GA,2022-03-02 22:51:27,-3.432,10.6554,79.41,85,73,0.54
286,Victoria,HK,2022-03-02 22:48:52,22.2855,114.1577,66.96,84,85,20.0
287,Kaitangata,NZ,2022-03-02 22:51:28,-46.2817,169.8464,61.93,59,86,1.63
288,Khandyga,RU,2022-03-02 22:51:28,62.6667,135.6,-31.65,100,97,1.63
289,Lavrentiya,RU,2022-03-02 22:51:28,65.5833,-171.0,13.75,90,98,6.58
290,Saint-Francois,FR,2022-03-02 22:51:28,46.4154,3.9054,46.67,80,100,1.14
291,Leh,IN,2022-03-02 22:51:29,34.1667,77.5833,5.14,86,91,3.24
292,Nuevo Progreso,MX,2022-03-02 22:51:29,23.1667,-97.95,76.59,63,46,8.01
293,Kutum,SD,2022-03-02 22:51:29,14.2,24.6667,71.78,13,96,6.42
294,Palmer,US,2022-03-02 22:51:30,42.1584,-72.3287,42.15,51,20,6.91
295,Ambovombe,MG,2022-03-02 22:51:30,-25.1667,46.0833,73.8,95,17,7.31
296,Shubarshi,KZ,2022-03-02 22:51:30,48.5872,57.1869,10.35,93,71,5.66
297,Kunda,IN,2022-03-02 22:51:31,25.7167,81.5167,58.28,44,0,2.15
298,Goldsboro,US,2022-03-02 22:51:31,35.3849,-77.9928,73.71,22,0,11.5
299,Bethel,US,2022-03-02 22:51:31,41.3712,-73.414,48.58,34,0,8.05
300,Kilindoni,TZ,2022-03-02 22:51:32,-7.9139,39.6668,81.72,74,63,12.55
301,Kharp,RU,2022-03-02 22:51:32,66.8014,65.8081,10.99,96,100,3.62
302,Wiarton,CA,2022-03-02 22:51:32,44.7407,-81.1332,26.62,93,100,12.66
303,Acarau,BR,2022-03-02 22:51:33,-2.8856,-40.12,79.75,79,80,13.09
304,Salinas,US,2022-03-02 22:51:33,36.6777,-121.6555,79.99,45,0,11.5
305,Charters Towers,AU,2022-03-02 22:51:33,-20.1,146.2667,90.57,33,16,10.13
306,Nemuro,JP,2022-03-02 22:51:34,43.3236,145.575,28.02,82,67,7.78
307,Beyneu,KZ,2022-03-02 22:51:34,45.3167,55.2,41.74,77,88,11.83
308,Nyurba,RU,2022-03-02 22:51:34,63.2842,118.3319,-3.03,97,100,5.97
309,Jacareacanga,BR,2022-03-02 22:51:35,-6.2222,-57.7528,74.5,97,99,2.53
310,Aykhal,RU,2022-03-02 22:51:35,66.0,111.5,-3.59,99,100,5.44
311,Nome,US,2022-03-02 22:51:35,64.5011,-165.4064,17.67,79,75,12.66
312,Harlingen,US,2022-03-02 22:49:17,26.1906,-97.6961,76.33,54,20,12.66
313,Loandjili,CG,2022-03-02 22:51:36,-4.7561,11.8578,80.71,83,20,3.44
314,Santa Cruz Cabralia,BR,2022-03-02 22:51:36,-16.2781,-39.0247,80.83,78,20,9.22
315,Karachi,PK,2022-03-02 22:49:48,24.9056,67.0822,69.62,52,0,3.44
316,Macapa,BR,2022-03-02 22:51:37,0.0389,-51.0664,82.38,83,20,8.05
317,Cockburn Town,TC,2022-03-02 22:51:37,21.4612,-71.1419,78.44,75,6,12.62
318,Puerto Narino,CO,2022-03-02 22:51:37,-3.7703,-70.3831,80.55,98,100,1.01
319,Berdigestyakh,RU,2022-03-02 22:51:38,62.0989,126.6992,-19.59,100,100,2.26
320,Kahului,US,2022-03-02 22:51:38,20.8947,-156.47,85.26,65,20,11.5
321,Tahoua,NE,2022-03-02 22:51:38,14.8888,5.2692,79.05,9,8,5.88
322,Novi Pazar,RS,2022-03-02 22:51:39,43.1367,20.5122,29.05,87,36,3.71
323,Vostok,RU,2022-03-02 22:51:39,46.4856,135.8833,11.17,94,100,4.12
324,Svetlogorsk,BY,2022-03-02 22:51:39,52.6333,29.7333,32.07,94,100,4.83
325,Bambanglipuro,ID,2022-03-02 22:51:40,-7.95,110.2833,75.51,88,99,5.61
326,Willowmore,ZA,2022-03-02 22:51:40,-33.2926,23.4895,63.16,73,0,5.99
327,Jaru,BR,2022-03-02 22:51:40,-10.4389,-62.4664,75.51,96,95,0.96
328,Sorbhog,IN,2022-03-02 22:51:41,26.5,90.8667,64.92,53,4,5.32
329,Shimoda,JP,2022-03-02 22:51:41,34.6667,138.95,45.1,68,35,2.59
330,Saint George,US,2022-03-02 22:51:41,37.1041,-113.5841,81.07,16,0,0.0
331,Svetlyy,RU,2022-03-02 22:51:42,54.675,20.1347,34.97,91,9,5.55
332,Anadyr,RU,2022-03-02 22:51:42,64.75,177.4833,14.5,79,0,6.71
333,Ancud,CL,2022-03-02 22:51:42,-41.8697,-73.8203,67.53,89,100,6.44
334,Broome,US,2022-03-02 22:51:43,42.2506,-75.833,39.78,53,75,5.75
335,Rocha,UY,2022-03-02 22:49:27,-34.4833,-54.3333,68.67,62,1,5.53
336,Port Lincoln,AU,2022-03-02 22:51:43,-34.7333,135.8667,72.88,70,81,5.93
337,Shingu,JP,2022-03-02 22:51:43,33.7333,135.9833,45.91,63,0,6.22
338,Mahon,ES,2022-03-02 22:51:44,39.8885,4.2658,52.36,87,20,6.91
339,Carbonia,IT,2022-03-02 22:51:44,39.1672,8.5222,46.99,85,44,3.02
340,Mount Pleasant,US,2022-03-02 22:50:29,32.7941,-79.8626,75.34,49,0,8.05
341,Luang Prabang,LA,2022-03-02 22:51:45,19.8856,102.1347,68.43,74,49,0.87
342,Walvis Bay,NA,2022-03-02 22:51:45,-22.9575,14.5053,65.35,77,7,2.3
343,Soubre,CI,2022-03-02 22:51:45,5.7856,-6.6083,77.65,83,98,2.46
344,Eyrarbakki,IS,2022-03-02 22:51:46,63.863,-21.1481,39.25,74,100,15.86
345,Usinsk,RU,2022-03-02 22:51:46,65.9939,57.5281,29.41,94,100,23.02
346,Mutsu,JP,2022-03-02 22:51:46,41.2894,141.2169,37.72,95,97,9.62
347,Sibolga,ID,2022-03-02 22:51:47,1.7427,98.7792,76.75,86,98,3.33
348,Korla,CN,2022-03-02 22:51:47,41.7597,86.1469,35.33,50,20,2.77
349,Vila Velha,BR,2022-03-02 22:51:47,-20.3297,-40.2925,80.55,85,20,14.97
350,Manokwari,ID,2022-03-02 22:51:47,-0.8667,134.0833,79.27,79,100,1.14
351,Mana,GF,2022-03-02 22:51:48,5.6592,-53.7767,76.68,92,97,8.3
352,Waingapu,ID,2022-03-02 22:51:48,-9.6567,120.2641,79.39,87,64,6.78
353,High Level,CA,2022-03-02 22:50:05,58.5169,-117.136,8.71,66,100,10.36
354,Chicama,PE,2022-03-02 22:51:49,-7.8447,-79.1469,68.54,60,71,7.4
355,Mangaluru,IN,2022-03-02 22:51:49,12.8667,74.8833,74.26,88,86,4.61
356,Mareeba,AU,2022-03-02 22:51:49,-17.0,145.4333,83.48,89,65,4.94
357,Yamada,JP,2022-03-02 22:51:50,39.4667,141.95,39.43,68,35,9.93
358,Grand Gaube,MU,2022-03-02 22:51:50,-20.0064,57.6608,79.2,90,27,1.99
359,Rawson,AR,2022-03-02 22:51:50,-43.3002,-65.1023,70.45,45,2,15.19
360,Binabalian,PH,2022-03-02 22:51:51,16.4202,119.9279,78.08,78,80,12.97
361,Las Cruces,US,2022-03-02 22:51:51,32.3123,-106.7783,78.06,9,3,5.99
362,Baryatino,RU,2022-03-02 22:51:51,54.3121,34.521,15.53,98,63,2.84
363,Kizukuri,JP,2022-03-02 22:51:52,40.8061,140.3861,36.01,79,100,6.73
364,Sisimiut,GL,2022-03-02 22:51:52,66.9395,-53.6735,18.68,82,100,6.15
365,Tawang,IN,2022-03-02 22:51:52,27.5833,91.8667,32.4,68,54,5.66
366,Thiruvananthapuram,IN,2022-03-02 22:51:53,8.4833,76.9167,76.98,83,20,0.0
367,Mahebourg,MU,2022-03-02 22:51:53,-20.4081,57.7,79.09,94,75,11.5
368,Plouzane,FR,2022-03-02 22:51:53,48.3833,-4.6167,50.18,93,100,12.66
369,Barrhead,GB,2022-03-02 22:48:21,55.7992,-4.3929,45.64,86,100,11.5
370,Margate,GB,2022-03-02 22:51:54,51.3813,1.3862,46.11,80,100,1.99
371,Seddon,AU,2022-03-02 22:51:54,-37.8068,144.8916,77.31,76,0,2.3
372,Vardo,NO,2022-03-02 22:51:55,70.3705,31.1107,34.0,98,97,22.86
373,Mehamn,NO,2022-03-02 22:51:55,71.0357,27.8492,42.71,93,100,33.93
374,Chapais,CA,2022-03-02 22:51:55,49.7834,-74.8492,6.58,95,100,2.57
375,Bilma,NE,2022-03-02 22:51:56,18.6853,12.9164,77.25,10,1,8.57
376,Lebu,CL,2022-03-02 22:51:56,-37.6167,-73.65,61.39,92,24,16.98
377,Labuhan,ID,2022-03-02 22:51:56,-6.8844,112.2051,78.21,87,94,9.84
378,Vicuna,CL,2022-03-02 22:51:57,-30.0319,-70.7081,80.76,47,0,4.9
379,Aguadilla,PR,2022-03-02 22:49:02,18.4275,-67.1541,80.65,82,100,6.91
380,Lewiston,US,2022-03-02 22:51:57,44.1003,-70.2148,33.48,53,0,6.91
381,Iskateley,RU,2022-03-02 22:51:58,67.6803,53.1512,17.71,93,100,16.69
382,Mingrelskaya,RU,2022-03-02 22:51:58,45.0134,38.3379,41.27,92,100,6.42
383,Santa Marta,CO,2022-03-02 22:50:06,11.2408,-74.199,89.65,66,75,18.01
384,Innisfail,AU,2022-03-02 22:51:58,-17.5333,146.0333,81.12,73,70,3.29
385,Goderich,CA,2022-03-02 22:51:59,43.7501,-81.7165,30.9,74,100,3.44
386,Nueva Loja,EC,2022-03-02 22:51:59,0.0847,-76.8828,86.02,66,20,3.44
387,Soyo,AO,2022-03-02 22:51:59,-6.1349,12.3689,80.33,84,39,5.59
388,Ternate,ID,2022-03-02 22:52:00,0.8,127.4,80.87,78,98,4.47
389,Eyl,SO,2022-03-02 22:52:00,7.9803,49.8164,72.95,78,5,13.22
390,Rajampet,IN,2022-03-02 22:52:00,14.1833,79.1667,66.97,68,100,2.28
391,Basco,PH,2022-03-02 22:52:01,20.4487,121.9702,75.25,76,96,16.22
392,Fortuna,US,2022-03-02 22:52:01,40.5982,-124.1573,63.48,82,75,9.22
393,Kloulklubed,PW,2022-03-02 22:52:02,7.0419,134.2556,83.21,78,20,17.38
394,Ramnagar,IN,2022-03-02 22:52:02,29.4,79.1167,56.93,51,9,5.53
395,Lerwick,GB,2022-03-02 22:52:02,60.1545,-1.1494,42.8,79,16,24.45
396,Kalmunai,LK,2022-03-02 22:52:03,7.4167,81.8167,77.79,77,100,14.81
397,Sorland,NO,2022-03-02 22:52:03,67.667,12.6934,37.92,58,99,13.56
398,Bambous Virieux,MU,2022-03-02 22:52:03,-20.3428,57.7575,79.05,94,75,11.5
399,Yazd,IR,2022-03-02 22:52:04,31.8972,54.3675,55.51,26,0,6.91
400,Onguday,RU,2022-03-02 22:52:04,50.75,86.15,-0.56,98,66,2.73
401,Puerto Escondido,MX,2022-03-02 22:52:04,15.85,-97.0667,84.38,56,5,4.5
402,Balezino,RU,2022-03-02 22:49:35,57.9796,53.0106,21.0,99,88,6.64
403,Bereda,ES,2022-03-02 22:52:05,43.2686,-7.5406,51.01,100,100,5.64
404,Raudeberg,NO,2022-03-02 22:52:05,61.9875,5.1352,38.62,93,35,11.77
405,Bangassou,CF,2022-03-02 22:52:06,4.7413,22.8184,80.02,42,91,4.7
406,Turayf,SA,2022-03-02 22:52:06,31.6725,38.6637,62.85,36,0,6.91
407,Iberia,US,2022-03-02 22:52:06,29.9502,-91.7507,73.47,23,0,9.22
408,Watford,GB,2022-03-02 22:52:07,51.6553,-0.396,44.58,94,100,3.0
409,Ilhabela,BR,2022-03-02 22:52:07,-23.7781,-45.3581,78.85,79,56,4.03
410,Vao,NC,2022-03-02 22:52:07,-22.6667,167.4833,79.39,79,66,17.76
411,Sovetskiy,RU,2022-03-02 22:52:08,61.3614,63.5842,28.38,89,96,10.83
412,Saint-Augustin,CA,2022-03-02 22:52:08,51.226,-58.6502,17.94,95,100,16.51
413,San Carlos Del Zulia,VE,2022-03-02 22:52:08,9.0,-71.9135,80.56,78,90,7.47
414,Emba,KZ,2022-03-02 22:52:09,48.8264,58.1442,13.44,91,100,4.54
415,Koungou,YT,2022-03-02 22:52:09,-12.7336,45.2042,82.11,83,0,12.66
416,Palana,RU,2022-03-02 22:52:09,59.1167,159.9667,27.16,66,100,22.77
417,Yakeshi,CN,2022-03-02 22:52:10,49.2833,120.7333,-16.78,100,71,4.38
418,Varkaus,FI,2022-03-02 22:52:10,62.3153,27.873,30.31,93,70,6.17
419,Rio Gallegos,AR,2022-03-02 22:49:05,-51.6226,-69.2181,51.85,87,100,13.8
420,Bay Roberts,CA,2022-03-02 22:52:11,47.5999,-53.2648,31.33,78,50,5.99
421,Kiunga,PG,2022-03-02 22:52:11,-6.1219,141.2906,78.26,89,90,2.35
422,Manzhouli,CN,2022-03-02 22:52:12,49.6,117.4333,2.71,86,35,4.92
423,Severomuysk,RU,2022-03-02 22:52:12,56.1481,113.4267,-4.88,86,100,0.49
424,Lima,PE,2022-03-02 22:50:45,-12.0432,-77.0282,75.13,83,0,9.22
425,Yulara,AU,2022-03-02 22:52:12,-25.2406,130.9889,82.24,47,87,9.22
426,Esmeraldas,BR,2022-03-02 22:50:36,-19.7625,-44.3139,79.66,72,85,4.41
427,Floro,NO,2022-03-02 22:52:13,61.5996,5.0328,37.36,93,0,6.91
428,Lazarev,RU,2022-03-02 22:52:13,52.225,141.5131,-7.73,97,75,3.24
429,Ketchikan,US,2022-03-02 22:52:13,55.3422,-131.6461,45.07,81,100,6.91
430,Kovdor,RU,2022-03-02 22:52:14,67.5662,30.4758,28.89,96,100,12.21
431,Ahipara,NZ,2022-03-02 22:52:14,-35.1667,173.1667,72.55,53,98,15.28
432,Cururupu,BR,2022-03-02 22:52:15,-1.8283,-44.8683,74.52,94,81,3.02
433,Waxahachie,US,2022-03-02 22:49:48,32.3865,-96.8483,79.25,20,0,5.75
434,Zhigansk,RU,2022-03-02 22:52:15,66.7697,123.3711,-26.41,100,99,2.44
435,Mao,ES,2022-03-02 22:51:44,39.8885,4.2658,52.36,87,20,6.91
436,Richards Bay,ZA,2022-03-02 22:52:16,-28.783,32.0377,73.04,76,7,12.15
437,Malihabad,IN,2022-03-02 22:52:16,26.9167,80.7167,58.91,51,0,3.06
438,Beaverlodge,CA,2022-03-02 22:52:16,55.2166,-119.4361,20.55,89,100,4.05
439,Boguchany,RU,2022-03-02 22:52:17,58.3814,97.4531,2.86,87,100,11.63
440,Middleton,GB,2022-03-02 22:52:17,53.55,-2.2,44.58,93,100,7.58
441,Durant,US,2022-03-02 22:52:17,33.994,-96.3708,78.96,7,0,3.44
442,Salalah,OM,2022-03-02 22:52:18,17.0151,54.0924,72.64,55,5,2.15
443,Tautira,PF,2022-03-02 22:52:18,-17.7333,-149.15,84.22,74,32,16.49
444,Kochevo,RU,2022-03-02 22:52:18,59.5994,54.3125,16.92,98,38,3.87
445,Carutapera,BR,2022-03-02 22:52:19,-1.195,-46.02,75.72,93,97,6.64
446,Erenhot,CN,2022-03-02 22:52:19,43.6475,111.9767,15.85,70,20,7.96
447,Nantucket,US,2022-03-02 22:50:48,41.2835,-70.0995,41.11,72,18,12.95
448,Okha,RU,2022-03-02 22:52:20,53.5739,142.9478,-3.21,99,92,9.84
449,Zambezi,ZM,2022-03-02 22:52:20,-13.5432,23.1047,64.96,97,100,3.87
450,Revelstoke,CA,2022-03-02 22:52:20,50.9832,-118.2023,35.62,100,100,2.3
451,Huaiyuan,CN,2022-03-02 22:52:21,32.973,117.1995,46.38,64,2,4.0
452,Pacific Grove,US,2022-03-02 22:52:21,36.6177,-121.9166,79.57,61,0,11.5
453,General Pico,AR,2022-03-02 22:51:10,-35.6566,-63.7568,74.08,42,0,6.78
454,Miramar,US,2022-03-02 22:51:31,25.9873,-80.2323,77.0,73,100,9.22
455,Tazovskiy,RU,2022-03-02 22:52:21,67.4667,78.7,-19.73,99,100,3.18
456,Kaohsiung,TW,2022-03-02 22:52:22,22.6163,120.3133,69.75,86,75,4.61
457,Diebougou,BF,2022-03-02 22:52:22,10.9667,-3.25,83.66,42,91,2.82
458,North Platte,US,2022-03-02 22:52:22,41.1239,-100.7654,75.11,22,0,5.99
459,Takoradi,GH,2022-03-02 22:52:23,4.8845,-1.7554,79.36,82,57,7.43
460,Nyaunglebin,MM,2022-03-02 22:52:23,17.95,96.7333,71.74,58,89,1.52
461,Maxixe,MZ,2022-03-02 22:52:23,-23.8597,35.3472,70.84,78,0,5.95
462,Sidi Ali,DZ,2022-03-02 22:52:24,36.0998,0.4206,49.69,64,66,6.04
463,Ajaccio,FR,2022-03-02 22:52:24,42.0,8.9167,37.89,87,76,6.91
464,Haines Junction,CA,2022-03-02 22:52:24,60.7522,-137.5108,28.35,50,100,2.3
465,Bend,US,2022-03-02 22:52:25,44.0582,-121.3153,57.99,57,20,10.0
466,Santo Antonio Do Ica,BR,2022-03-02 22:52:25,-3.1022,-67.9397,75.29,93,99,0.87
467,Progreso,MX,2022-03-02 22:52:25,21.2833,-89.6667,80.11,59,27,10.98
468,Turtas,RU,2022-03-02 22:52:26,58.9417,69.1325,25.0,93,91,10.11
469,Gizo,SB,2022-03-02 22:52:26,-8.103,156.8419,78.22,86,100,6.46
470,Port Hardy,CA,2022-03-02 22:52:27,50.6996,-127.4199,48.38,81,75,11.5
471,Aanekoski,FI,2022-03-02 22:52:27,62.6946,25.818,30.67,100,83,8.14
472,Talcahuano,CL,2022-03-02 22:52:27,-36.7167,-73.1167,69.48,68,0,18.41
473,Sistranda,NO,2022-03-02 22:52:28,63.7256,8.834,40.89,76,93,6.53
474,Shelopugino,RU,2022-03-02 22:52:28,51.6514,117.5599,5.7,90,100,4.09
475,Namibe,AO,2022-03-02 22:52:28,-15.1961,12.1522,73.98,83,99,6.51
476,Husavik,IS,2022-03-02 22:52:28,66.0449,-17.3389,42.71,88,100,25.88
477,Maswa,TZ,2022-03-02 22:52:29,-2.6833,33.9833,66.11,79,73,3.13
478,Omsukchan,RU,2022-03-02 22:52:29,62.5333,155.8,-4.14,96,100,5.7
479,Inuvik,CA,2022-03-02 22:52:29,68.3499,-133.7218,5.86,63,20,10.36
480,Prado,BR,2022-03-02 22:52:30,-17.3411,-39.2208,78.19,82,100,7.4
481,Bajram Curri,AL,2022-03-02 22:52:30,42.3554,20.0784,35.73,77,54,4.76
482,Indramayu,ID,2022-03-02 22:52:30,-6.3264,108.32,77.65,86,100,6.51
483,Marawi,PH,2022-03-02 22:52:31,7.9986,124.2928,67.64,90,8,1.23
484,Peruwelz,BE,2022-03-02 22:52:31,50.5082,3.5918,43.07,78,99,1.14
485,San Juan,AR,2022-03-02 22:52:31,-31.5375,-68.5364,85.89,29,0,8.34
486,Guerrero,MX,2022-03-02 22:52:32,17.6667,-100.0,81.64,36,30,1.23
487,College,US,2022-03-02 22:52:32,64.8569,-147.8028,30.79,81,40,3.44
488,Sawtell,AU,2022-03-02 22:52:32,-30.3833,153.1,73.42,78,30,8.05
489,Santiago Del Estero,AR,2022-03-02 22:52:33,-27.7951,-64.2615,81.99,60,3,2.82
490,Mackay,AU,2022-03-02 22:52:33,-21.15,149.2,90.68,84,40,18.41
491,Bathsheba,BB,2022-03-02 22:52:33,13.2167,-59.5167,77.61,78,75,17.27
492,Malakal,SS,2022-03-02 22:52:34,9.5334,31.6605,84.58,31,13,3.94
493,Kingsland,US,2022-03-02 22:52:34,30.8,-81.6898,77.92,39,0,0.76
494,Narsaq,GL,2022-03-02 22:52:34,60.9167,-46.05,15.89,93,100,7.56
495,Hamilton,US,2022-03-02 22:50:08,39.1834,-84.5333,67.44,33,40,10.36
496,Cam Ranh,VN,2022-03-02 22:52:35,11.9214,109.1591,73.36,88,40,8.05
497,Oksfjord,NO,2022-03-02 22:52:35,70.2396,22.3479,32.92,93,100,31.81
498,Poum,NC,2022-03-02 22:52:35,-20.2333,164.0167,81.39,72,100,7.87
499,Sable-Sur-Sarthe,FR,2022-03-02 22:52:36,47.8376,-0.3329,50.25,96,100,4.32
500,Illela,NG,2022-03-02 22:52:36,13.7292,5.2975,82.49,6,15,7.2
501,Gejiu,CN,2022-03-02 22:52:36,23.306,103.1635,47.52,94,58,4.9
502,Zuwarah,LY,2022-03-02 22:52:36,32.9312,12.082,52.27,62,0,3.83
503,Watsa,CD,2022-03-02 22:52:37,3.0372,29.5355,64.49,98,55,3.71
504,Lang Son,VN,2022-03-02 22:52:37,21.8333,106.7333,62.04,94,24,2.44
505,San Patricio,US,2022-03-02 22:52:37,28.017,-97.5169,75.88,56,40,11.5
506,Boa Vista,BR,2022-03-02 22:48:41,2.8197,-60.6733,87.78,51,40,9.22
507,Grindavik,IS,2022-03-02 22:52:38,63.8424,-22.4338,39.15,81,75,16.11
508,Jieznas,LT,2022-03-02 22:52:38,54.6,24.1667,29.79,76,55,4.83
509,Acapulco,MX,2022-03-02 22:52:39,16.8634,-99.8901,83.82,59,3,11.54
510,Florence,IT,2022-03-02 22:47:44,43.7667,11.25,45.1,78,0,4.61
511,Remerschen,LU,2022-03-02 22:52:39,49.4886,6.3517,37.92,64,0,4.61
512,Lokoja,NG,2022-03-02 22:52:39,7.8024,6.743,83.17,65,89,7.23
513,Hirara,JP,2022-03-02 22:52:40,24.8,125.2833,67.86,77,75,12.66
514,Naron,ES,2022-03-02 22:52:40,43.5167,-8.1528,55.69,90,100,13.8
515,Jiaocheng,CN,2022-03-02 22:52:41,24.6774,116.1389,64.0,95,97,1.74
516,Ghatsila,IN,2022-03-02 22:52:41,22.6,86.4833,69.08,52,0,2.89
517,Ambulu,ID,2022-03-02 22:52:41,-8.345,113.6058,76.01,90,82,2.55
518,Stornoway,GB,2022-03-02 22:52:42,58.2093,-6.3865,46.36,80,100,18.41
519,Contai,IN,2022-03-02 22:52:42,21.7786,87.7536,68.85,80,1,4.0
520,Eenhana,NA,2022-03-02 22:52:42,-17.4667,16.3333,67.75,90,100,5.17
521,Benjamin Constant,BR,2022-03-02 22:52:43,-4.3831,-70.0311,80.73,83,75,4.61
522,Pinerolo,IT,2022-03-02 22:52:43,44.8833,7.35,46.24,54,91,1.16
523,Lagunas,PE,2022-03-02 22:52:43,-5.2269,-75.6753,75.31,94,100,3.36
524,Lashio,MM,2022-03-02 22:52:44,22.9333,97.75,51.01,52,7,2.06
525,Kharitonovo,RU,2022-03-02 22:52:44,61.4009,47.4978,30.69,94,100,4.38
526,Levelland,US,2022-03-02 22:52:44,33.5873,-102.378,74.95,11,9,6.93
527,Buluang,PH,2022-03-02 22:52:44,13.3068,123.3425,76.71,87,73,4.0
528,Abu Kamal,SY,2022-03-02 22:52:45,34.4506,40.9171,62.44,51,99,20.83
529,Sioni,GE,2022-03-02 22:52:45,41.9895,45.0239,41.36,91,99,2.68
530,Bilibino,RU,2022-03-02 22:52:45,68.0546,166.4372,-3.86,99,75,2.66
531,Abha,SA,2022-03-02 22:52:46,18.2164,42.5053,57.45,51,0,4.61
532,Pingliang,CN,2022-03-02 22:52:46,35.5392,106.6861,37.22,51,97,1.59
533,Shepsi,RU,2022-03-02 22:52:46,44.0361,39.1489,45.84,93,100,1.41
534,Yaan,NG,2022-03-02 22:52:47,7.3833,8.5667,84.9,59,87,13.04
535,Kailua,US,2022-03-02 22:52:47,21.4022,-157.7394,82.38,70,2,3.0
536,Verin,ES,2022-03-02 22:52:47,41.9415,-7.4381,48.56,91,98,2.46
537,Chuy,UY,2022-03-02 22:52:48,-33.6971,-53.4616,70.84,65,1,5.84
538,Sao Felix Do Xingu,BR,2022-03-02 22:52:48,-6.6447,-51.995,73.49,97,100,1.25
539,Asfi,MA,2022-03-02 22:52:48,32.2994,-9.2372,57.27,88,87,11.92
540,Alta Floresta,BR,2022-03-02 22:52:49,-9.8756,-56.0861,73.36,93,97,0.74
541,Dingle,PH,2022-03-02 22:52:49,10.9995,122.6711,77.29,89,69,8.23
542,Chibombo,ZM,2022-03-02 22:52:49,-14.6569,28.0706,62.62,96,99,3.42
543,Mangai,CD,2022-03-02 22:52:50,-4.05,19.5333,69.44,92,95,2.15
544,Viedma,AR,2022-03-02 22:52:50,-40.8135,-62.9967,69.24,31,1,5.41
545,Saint-Pierre,RE,2022-03-02 22:52:50,-21.3393,55.4781,76.68,78,0,2.3
546,Gulu,UG,2022-03-02 22:52:51,2.7746,32.299,70.92,40,13,2.55
547,Aleksandrov Gay,RU,2022-03-02 22:52:51,50.147,48.5704,19.27,91,72,6.38
548,Nchelenge,ZM,2022-03-02 22:52:51,-9.3451,28.734,70.41,86,99,3.24
549,Udachnyy,RU,2022-03-02 22:52:52,66.4167,112.4,-1.55,84,100,3.44
550,Torrijos,ES,2022-03-02 22:52:52,39.9819,-4.2835,53.65,69,65,3.89
551,Almonte,ES,2022-03-02 22:48:05,37.2647,-6.5167,58.41,58,82,9.33
552,Iqaluit,CA,2022-03-02 22:52:52,63.7506,-68.5145,-5.31,70,100,17.27
553,Oussouye,SN,2022-03-02 22:52:53,12.485,-16.5469,75.38,60,100,11.52
554,Weyburn,CA,2022-03-02 22:52:53,49.6668,-103.8511,14.22,73,100,8.05
555,Mutoko,ZW,2022-03-02 22:52:53,-17.397,32.2268,63.66,93,71,2.62
556,Ossora,RU,2022-03-02 22:52:54,59.2353,163.0719,26.82,94,100,25.5
557,Barcelos,PT,2022-03-02 22:51:15,41.5388,-8.6151,53.85,94,100,5.95
558,Antalaha,MG,2022-03-02 22:52:54,-14.9003,50.2788,74.48,93,100,4.16
559,Nerchinskiy Zavod,RU,2022-03-02 22:52:54,51.3088,119.61,-12.33,99,89,2.48
560,Winnemucca,US,2022-03-02 22:48:45,40.973,-117.7357,69.85,18,0,8.05
561,Havre-Saint-Pierre,CA,2022-03-02 22:52:55,50.2334,-63.5986,21.2,86,75,18.41
562,Preobrazheniye,RU,2022-03-02 22:52:55,42.9019,133.9064,28.8,57,15,9.1
563,San Diego De Los Banos,CU,2022-03-02 22:52:55,22.6467,-83.3697,74.07,52,8,4.68
564,Capao Bonito,BR,2022-03-02 22:52:56,-24.0058,-48.3494,67.41,98,95,3.62
565,Noshiro,JP,2022-03-02 22:52:56,40.2039,140.0242,34.74,83,99,18.48
566,Birin,NP,2022-03-02 22:52:56,26.8865,88.0718,48.79,69,2,5.21
567,Koulikoro,ML,2022-03-02 22:52:57,14.0,-7.75,84.56,22,57,4.59
568,Kang,BW,2022-03-02 22:52:57,-23.6752,22.7876,71.83,68,47,9.73
569,Eskisehir,TR,2022-03-02 22:52:57,39.7767,30.5206,28.17,88,100,14.16
570,Hambantota,LK,2022-03-02 22:52:57,6.1241,81.1185,79.16,65,100,19.82
571,Arman,RU,2022-03-02 22:52:58,59.7,150.1667,9.43,77,100,12.95
572,Coolum Beach,AU,2022-03-02 22:52:27,-26.5333,153.1,73.22,99,83,1.01
